{"cameraMode":{"drawMode":0,"name":"Shaded","section":"Shading Mode"},"sceneLighting":true,"audioPlay":false,"sceneViewState":{"showFog":true,"showMaterialUpdate":false,"showSkybox":true,"showFlares":true,"showImageEffects":true,"showParticleSystems":true},"in2DMode":false,"pivot":{"x":-4.943875312805176,"y":2.578315258026123,"z":5.619831085205078},"rotation":{"x":-0.009145599789917469,"y":0.9669600129127502,"z":-0.25238165259361269,"w":-0.035017382353544238},"size":29.013397216796876,"orthographic":false}